product_id,name,category,price
1,T-Shirt,Clothing,164.07
2,Laptop,Electronics,344.48
3,Tennis Racket,Sports,459.23
4,Novel,Books,239.92
5,Cricket Bat,Sports,243.34
6,Tennis Racket,Sports,10.07
7,Jacket,Clothing,46.57
8,Sneakers,Clothing,283.14
9,Camera,Electronics,183.21
10,Tennis Racket,Sports,271.8
11,Table,Home,414.6
12,Cookware,Home,334.17
13,Textbook,Books,404.06
14,T-Shirt,Clothing,419.56
15,Textbook,Books,14.74
16,Biography,Books,198.79
17,Football,Sports,286.22
18,Textbook,Books,428.99
19,Smartphone,Electronics,249.24
20,Camera,Electronics,24.53
21,Smartwatch,Electronics,259.01
22,Table,Home,457.67
23,Yoga Mat,Sports,222.57
24,Cookware,Home,400.53
25,Cricket Bat,Sports,234.97
26,Sofa,Home,473.57
27,Novel,Books,344.65
28,Headphones,Electronics,465.83
29,Camera,Electronics,106.38
30,Jeans,Clothing,494.75
31,Cookware,Home,86.32
32,Cap,Clothing,71.16
33,Jeans,Clothing,453.9
34,Cap,Clothing,68.73
35,Yoga Mat,Sports,271.06
36,Textbook,Books,470.34
37,Cricket Bat,Sports,493.36
38,T-Shirt,Clothing,337.13
39,Cap,Clothing,140.26
40,Smartphone,Electronics,365.42
41,Camera,Electronics,293.27
42,Laptop,Electronics,234.28
43,Sneakers,Clothing,145.96
44,Magazine,Books,130.08
45,Headphones,Electronics,32.45
46,Headphones,Electronics,439.05
47,Smartphone,Electronics,112.25
48,Cricket Bat,Sports,431.01
49,Jacket,Clothing,429.86
50,Smartwatch,Electronics,446.32
